               epoch,      train/box_loss,      train/obj_loss,      train/cls_loss,   metrics/precision,      metrics/recall,     metrics/mAP_0.5,metrics/mAP_0.5:0.95,        val/box_loss,        val/obj_loss,        val/cls_loss,               x/lr0,               x/lr1,               x/lr2
                   0,             0.11333,            0.023355,            0.027362,             0.57152,             0.11647,            0.040563,           0.0073129,             0.10091,            0.018856,            0.010595,            0.003285,            0.003285,            0.070435
                   1,            0.091605,            0.016114,            0.010215,             0.10257,             0.35854,             0.09087,            0.021939,            0.078706,            0.016017,           0.0061725,           0.0065965,           0.0065965,            0.040413
                   2,            0.081591,            0.015127,           0.0074536,             0.11939,             0.32377,            0.069031,            0.012085,            0.079815,            0.018007,           0.0047196,            0.009886,            0.009886,            0.010369
                   3,            0.077855,            0.015017,           0.0065117,             0.36873,             0.37777,             0.23239,            0.067748,            0.064046,            0.017536,           0.0043204,            0.009901,            0.009901,            0.009901
                   4,            0.069695,            0.016122,           0.0053034,             0.28034,             0.36948,             0.20299,            0.053105,            0.059706,            0.016105,           0.0044102,            0.009901,            0.009901,            0.009901
                   5,            0.061577,             0.01465,           0.0043559,             0.27413,             0.33916,             0.19367,            0.046662,            0.064558,            0.014055,           0.0032128,            0.009868,            0.009868,            0.009868
                   6,            0.060351,            0.014372,           0.0040497,             0.43629,             0.48073,             0.32483,             0.10306,            0.055384,            0.014721,           0.0033639,            0.009835,            0.009835,            0.009835
                   7,            0.057172,               0.014,           0.0041463,             0.38686,             0.52295,             0.31294,             0.11513,            0.047587,            0.014749,           0.0029436,            0.009802,            0.009802,            0.009802
                   8,            0.054361,            0.013994,            0.003585,             0.44093,             0.48786,              0.3213,             0.11606,            0.046706,            0.014817,           0.0032248,            0.009769,            0.009769,            0.009769
                   9,             0.05357,            0.013716,           0.0034883,             0.40154,             0.48491,             0.29194,            0.092153,            0.057947,            0.013514,            0.002867,            0.009736,            0.009736,            0.009736
                  10,             0.05114,            0.013822,           0.0031073,             0.44436,             0.57746,             0.37212,              0.1586,            0.040343,            0.014593,           0.0025704,            0.009703,            0.009703,            0.009703
                  11,            0.048761,            0.013271,           0.0028385,              0.4721,             0.57394,             0.39602,             0.16953,            0.039859,            0.014135,            0.002569,             0.00967,             0.00967,             0.00967
                  12,             0.04728,             0.01356,           0.0027115,             0.44745,             0.58179,             0.37166,             0.15506,            0.045212,            0.014193,           0.0024883,            0.009637,            0.009637,            0.009637
                  13,            0.045784,            0.013194,           0.0027464,             0.46798,             0.61658,             0.39224,             0.16033,            0.039045,            0.013997,           0.0022698,            0.009604,            0.009604,            0.009604
                  14,            0.046072,            0.012918,           0.0027524,             0.46402,             0.65152,             0.42262,             0.18642,            0.039805,             0.01376,            0.002195,            0.009571,            0.009571,            0.009571
                  15,            0.044991,             0.01316,           0.0025559,             0.49041,             0.62249,             0.42964,             0.19946,            0.036454,            0.013847,           0.0020602,            0.009538,            0.009538,            0.009538
                  16,            0.043411,            0.013069,           0.0024003,             0.47797,             0.64359,             0.42486,             0.20089,            0.034646,            0.013785,            0.002042,            0.009505,            0.009505,            0.009505
                  17,            0.043109,            0.012601,           0.0021656,             0.48263,             0.67712,             0.42875,             0.19417,            0.039412,            0.013353,           0.0019547,            0.009472,            0.009472,            0.009472
                  18,            0.043401,            0.012869,           0.0024222,             0.49918,             0.66895,             0.43908,              0.1967,            0.039061,             0.01338,           0.0019721,            0.009439,            0.009439,            0.009439
                  19,             0.04348,             0.01267,           0.0022365,             0.47945,             0.67653,              0.4399,              0.2272,            0.032083,            0.013614,           0.0019213,            0.009406,            0.009406,            0.009406
                  20,             0.04123,            0.012095,           0.0022115,             0.44853,             0.65385,              0.4123,              0.1964,              0.0338,            0.013707,           0.0020778,            0.009373,            0.009373,            0.009373
                  21,            0.039869,            0.012734,           0.0022636,             0.44874,             0.66655,             0.41424,             0.20545,            0.033781,            0.013723,            0.001812,             0.00934,             0.00934,             0.00934
                  22,            0.042442,            0.012433,           0.0043583,             0.45213,             0.54134,             0.35239,             0.16606,            0.039216,            0.014847,           0.0025401,            0.009307,            0.009307,            0.009307
                  23,            0.042588,            0.012899,           0.0022299,              0.5006,             0.61526,             0.42148,             0.21096,            0.031667,            0.013539,           0.0021578,            0.009274,            0.009274,            0.009274
                  24,            0.039943,            0.012925,           0.0022075,             0.45369,             0.67987,               0.425,             0.21035,            0.031041,            0.013506,            0.001713,            0.009241,            0.009241,            0.009241
                  25,             0.04027,            0.012505,           0.0019726,             0.47668,             0.68356,             0.43209,             0.22251,            0.033432,            0.013325,           0.0016232,            0.009208,            0.009208,            0.009208
                  26,            0.041203,            0.012932,            0.002171,             0.48716,             0.70655,             0.46099,             0.22774,            0.035258,            0.013537,           0.0016525,            0.009175,            0.009175,            0.009175
                  27,            0.039683,            0.012707,           0.0019019,              0.4883,              0.6922,             0.45318,             0.22876,            0.031994,            0.013592,           0.0015931,            0.009142,            0.009142,            0.009142
                  28,            0.038024,            0.012432,           0.0019659,             0.49091,             0.66569,             0.43551,             0.20557,            0.033453,             0.01349,           0.0016348,            0.009109,            0.009109,            0.009109
                  29,            0.037973,            0.012282,           0.0019372,             0.49207,             0.67602,             0.44897,             0.23796,            0.033885,             0.01326,           0.0016733,            0.009076,            0.009076,            0.009076
                  30,            0.038506,            0.012031,           0.0019032,             0.47866,             0.69237,             0.44378,             0.23635,            0.029265,            0.013434,           0.0016161,            0.009043,            0.009043,            0.009043
                  31,            0.036913,            0.011864,           0.0017774,             0.49831,             0.72547,             0.46731,             0.25211,            0.027541,            0.013263,            0.001622,             0.00901,             0.00901,             0.00901
                  32,            0.035446,            0.012326,           0.0018178,             0.46446,             0.74757,             0.45232,             0.24525,            0.028593,            0.013241,           0.0015124,            0.008977,            0.008977,            0.008977
                  33,            0.036146,            0.012227,           0.0018244,             0.47243,             0.76628,              0.4632,             0.25082,            0.028294,            0.013457,            0.001541,            0.008944,            0.008944,            0.008944
                  34,            0.036359,             0.01201,           0.0016762,             0.46009,             0.76444,             0.45035,             0.23856,            0.028399,            0.013049,           0.0015327,            0.008911,            0.008911,            0.008911
                  35,            0.035787,            0.011683,           0.0018369,             0.49413,             0.69006,             0.44872,             0.24735,            0.027745,            0.013108,           0.0016506,            0.008878,            0.008878,            0.008878
                  36,            0.035079,            0.012059,           0.0018471,              0.4827,             0.72592,             0.46164,             0.25122,             0.02913,            0.013195,           0.0014758,            0.008845,            0.008845,            0.008845
                  37,            0.034911,            0.011782,           0.0017881,             0.49992,             0.72055,             0.47305,             0.26845,            0.026706,            0.013056,           0.0014781,            0.008812,            0.008812,            0.008812
                  38,            0.034836,            0.011919,           0.0016484,             0.47512,             0.73901,             0.46417,              0.2517,            0.028093,            0.013013,           0.0014145,            0.008779,            0.008779,            0.008779
                  39,            0.034685,            0.011572,           0.0016465,              0.4827,              0.7585,             0.47237,             0.25385,            0.026917,            0.013486,           0.0013383,            0.008746,            0.008746,            0.008746
                  40,            0.034867,            0.011738,            0.001554,             0.49455,             0.75862,             0.47408,             0.26696,            0.026883,            0.013441,           0.0013395,            0.008713,            0.008713,            0.008713
                  41,            0.033485,            0.011594,           0.0016241,             0.48777,             0.76591,             0.47784,             0.26686,            0.026988,            0.013438,           0.0014448,             0.00868,             0.00868,             0.00868
                  42,            0.033169,            0.011646,           0.0016456,             0.49491,             0.74863,             0.47341,             0.27399,            0.026002,            0.013362,           0.0014028,            0.008647,            0.008647,            0.008647
                  43,            0.034026,            0.011361,           0.0015635,             0.49555,             0.77695,             0.47795,             0.26778,            0.026693,            0.013236,           0.0013681,            0.008614,            0.008614,            0.008614
                  44,            0.033906,            0.011609,           0.0015299,             0.51179,             0.73088,             0.47453,             0.27109,            0.025256,             0.01317,           0.0014088,            0.008581,            0.008581,            0.008581
                  45,            0.033934,            0.011723,           0.0016551,             0.49763,             0.77034,             0.47844,             0.27746,             0.02587,            0.012986,           0.0013804,            0.008548,            0.008548,            0.008548
                  46,            0.031857,            0.011849,           0.0014982,             0.47706,             0.78057,             0.47332,             0.27947,            0.024754,             0.01321,           0.0013816,            0.008515,            0.008515,            0.008515
                  47,            0.032187,            0.011617,           0.0014643,             0.47228,             0.77234,             0.46587,             0.26903,            0.025649,            0.012932,           0.0012662,            0.008482,            0.008482,            0.008482
                  48,            0.032223,            0.011706,            0.001486,             0.50171,             0.74588,             0.48163,             0.27405,            0.024916,            0.013161,           0.0013113,            0.008449,            0.008449,            0.008449
                  49,            0.032729,            0.011389,           0.0016783,             0.48137,             0.77971,             0.47395,             0.27097,             0.02548,            0.013145,           0.0013332,            0.008416,            0.008416,            0.008416
                  50,            0.032837,            0.011295,            0.001743,             0.49192,             0.78528,             0.47767,             0.26673,            0.026313,            0.013137,           0.0013433,            0.008383,            0.008383,            0.008383
                  51,            0.032769,            0.011705,           0.0016123,             0.48784,             0.77505,             0.46945,             0.28408,            0.023705,            0.013072,           0.0014926,             0.00835,             0.00835,             0.00835
                  52,            0.032142,            0.011235,           0.0015064,             0.49143,             0.78196,             0.46465,             0.27238,            0.024856,            0.013125,           0.0013058,            0.008317,            0.008317,            0.008317
                  53,            0.030922,            0.011982,           0.0014679,             0.48354,             0.78359,             0.46638,             0.27136,             0.02452,            0.013061,            0.001291,            0.008284,            0.008284,            0.008284
                  54,            0.031786,            0.011566,           0.0014721,             0.48626,             0.81904,             0.48293,             0.28304,            0.024314,            0.013011,           0.0012618,            0.008251,            0.008251,            0.008251
                  55,            0.031026,            0.011476,            0.001305,             0.50079,             0.78152,             0.48538,             0.29185,            0.022477,            0.013096,           0.0012394,            0.008218,            0.008218,            0.008218
                  56,            0.031252,            0.011491,           0.0014466,             0.49037,             0.76019,              0.4639,             0.28647,            0.023571,            0.013137,           0.0012324,            0.008185,            0.008185,            0.008185
                  57,            0.031016,            0.011595,           0.0013844,             0.49079,             0.80234,             0.48759,             0.29423,            0.021725,            0.013065,           0.0012528,            0.008152,            0.008152,            0.008152
                  58,            0.029575,            0.011138,           0.0014038,             0.48557,              0.7862,             0.47215,             0.28218,            0.022528,            0.013033,           0.0012406,            0.008119,            0.008119,            0.008119
                  59,            0.030422,            0.011247,           0.0015279,             0.49955,             0.71339,             0.46888,             0.28118,             0.02376,            0.013116,           0.0011899,            0.008086,            0.008086,            0.008086
                  60,            0.030684,            0.011275,           0.0013863,             0.49207,             0.76706,             0.48106,             0.28569,            0.022783,            0.013078,           0.0012029,            0.008053,            0.008053,            0.008053
                  61,            0.030163,             0.01106,           0.0015184,             0.48586,             0.77457,             0.47808,             0.28906,            0.024359,            0.013188,           0.0011768,             0.00802,             0.00802,             0.00802
                  62,            0.030088,            0.011179,           0.0013175,             0.50576,             0.73817,             0.47106,             0.28945,            0.023883,            0.013049,           0.0012209,            0.007987,            0.007987,            0.007987
                  63,            0.030007,            0.011145,           0.0013504,             0.50211,             0.73901,             0.47759,             0.29379,             0.02222,            0.012966,           0.0012894,            0.007954,            0.007954,            0.007954
                  64,            0.030438,            0.011095,            0.001314,             0.48356,             0.79976,             0.47437,             0.28928,            0.022614,            0.013002,             0.00122,            0.007921,            0.007921,            0.007921
                  65,            0.029966,            0.011494,            0.001387,             0.48815,             0.80088,             0.48508,             0.29033,              0.0233,            0.013041,           0.0011994,            0.007888,            0.007888,            0.007888
                  66,            0.030148,            0.011224,           0.0013976,             0.48699,             0.76099,             0.46143,             0.28062,            0.023438,            0.013248,           0.0012422,            0.007855,            0.007855,            0.007855
                  67,            0.030048,            0.011329,           0.0013078,             0.48638,             0.79294,             0.47158,             0.28308,            0.022635,            0.013179,           0.0011717,            0.007822,            0.007822,            0.007822
                  68,            0.029717,            0.011247,           0.0013185,             0.49364,             0.76079,             0.47092,                0.29,            0.021678,            0.013043,           0.0011677,            0.007789,            0.007789,            0.007789
                  69,            0.029222,            0.011367,           0.0012938,             0.48012,             0.81489,             0.47508,             0.28675,            0.021527,            0.013141,           0.0011576,            0.007756,            0.007756,            0.007756
                  70,            0.029185,            0.011279,           0.0013456,             0.50644,             0.79168,             0.48379,             0.30175,            0.021184,            0.013046,           0.0011214,            0.007723,            0.007723,            0.007723
                  71,            0.029053,            0.011323,           0.0012761,             0.48998,             0.82627,              0.4855,              0.3042,            0.021414,            0.013197,           0.0012091,             0.00769,             0.00769,             0.00769
                  72,            0.029112,            0.010984,           0.0012558,             0.48926,             0.79046,             0.47977,             0.28397,            0.022221,               0.013,           0.0012268,            0.007657,            0.007657,            0.007657
                  73,             0.02829,            0.010575,           0.0013171,              0.4921,             0.78559,             0.47372,             0.28949,            0.021527,            0.013006,           0.0011143,            0.007624,            0.007624,            0.007624
                  74,            0.029783,            0.010615,           0.0011914,             0.49421,             0.80339,             0.47703,             0.29484,            0.022089,            0.012943,           0.0010676,            0.007591,            0.007591,            0.007591
                  75,            0.029962,            0.011184,           0.0014127,             0.49167,             0.78359,             0.47804,             0.29767,            0.022111,            0.013146,            0.001135,            0.007558,            0.007558,            0.007558
                  76,            0.028318,             0.01076,           0.0013338,             0.50627,             0.77818,             0.47875,             0.29832,            0.022342,            0.012988,           0.0011565,            0.007525,            0.007525,            0.007525
                  77,            0.026735,            0.010541,           0.0011525,             0.50011,             0.78598,             0.47275,             0.29493,            0.021757,            0.012938,           0.0010413,            0.007492,            0.007492,            0.007492
                  78,            0.028034,            0.010743,           0.0012697,             0.51588,             0.77444,              0.4778,             0.29577,            0.021423,            0.012907,           0.0010656,            0.007459,            0.007459,            0.007459
                  79,            0.028185,            0.011107,              0.0013,             0.49163,             0.78143,             0.46807,             0.29383,            0.021729,            0.013096,           0.0010958,            0.007426,            0.007426,            0.007426
                  80,            0.026913,            0.010703,           0.0011791,             0.51551,             0.75366,             0.47393,             0.29602,            0.020454,            0.013015,           0.0010725,            0.007393,            0.007393,            0.007393
                  81,            0.028434,             0.01083,           0.0014091,             0.48917,             0.80693,             0.47807,             0.30673,            0.020485,            0.012948,           0.0011353,             0.00736,             0.00736,             0.00736
                  82,            0.028567,            0.010902,           0.0011779,             0.48381,             0.80686,             0.47324,              0.2945,            0.021934,            0.013111,           0.0011273,            0.007327,            0.007327,            0.007327
                  83,            0.028477,             0.01063,           0.0012163,             0.48999,             0.79148,             0.48375,             0.30505,            0.021104,            0.013092,            0.001184,            0.007294,            0.007294,            0.007294
                  84,            0.027882,            0.010774,           0.0012525,             0.50268,             0.80418,             0.47733,             0.30808,            0.021353,            0.013029,           0.0011009,            0.007261,            0.007261,            0.007261
                  85,            0.027632,            0.010826,           0.0013064,             0.48329,             0.83274,              0.4743,             0.29403,            0.021597,            0.013203,           0.0010919,            0.007228,            0.007228,            0.007228
                  86,            0.028086,            0.010765,           0.0011895,             0.49974,             0.78365,             0.47579,              0.3029,            0.021756,            0.012998,           0.0010751,            0.007195,            0.007195,            0.007195
                  87,            0.027907,            0.011084,           0.0012139,             0.49353,             0.84701,             0.48308,             0.30488,            0.020569,            0.013155,           0.0011155,            0.007162,            0.007162,            0.007162
                  88,            0.026999,            0.010917,            0.001323,             0.49181,             0.79796,             0.47442,             0.29713,            0.020398,            0.013282,           0.0010276,            0.007129,            0.007129,            0.007129
                  89,            0.027335,            0.011161,           0.0012478,             0.49541,             0.80339,             0.48853,             0.30425,            0.021355,            0.012871,            0.001091,            0.007096,            0.007096,            0.007096
                  90,            0.027304,            0.010801,           0.0012245,             0.50628,             0.80333,             0.48152,             0.30528,            0.020258,            0.012943,           0.0011099,            0.007063,            0.007063,            0.007063
                  91,            0.026654,            0.010585,           0.0011837,             0.48224,             0.85263,             0.47717,             0.30372,            0.019802,            0.013159,           0.0011089,             0.00703,             0.00703,             0.00703
                  92,             0.02613,            0.010596,           0.0011911,             0.49031,             0.80213,             0.47226,             0.30426,            0.020653,            0.013157,           0.0010523,            0.006997,            0.006997,            0.006997
                  93,            0.026381,            0.010683,           0.0011235,             0.51133,             0.80984,             0.48495,             0.30856,            0.019734,             0.01316,           0.0010725,            0.006964,            0.006964,            0.006964
                  94,            0.026579,            0.010727,           0.0011942,             0.47613,             0.83608,             0.47382,             0.30224,            0.020451,            0.013095,           0.0010905,            0.006931,            0.006931,            0.006931
                  95,            0.026612,             0.01036,           0.0011893,             0.50279,             0.81901,             0.48756,             0.31275,            0.019967,             0.01292,           0.0010623,            0.006898,            0.006898,            0.006898
                  96,            0.026731,            0.010788,           0.0011151,             0.51617,             0.77566,             0.48599,             0.30859,            0.020458,            0.012962,          0.00099471,            0.006865,            0.006865,            0.006865
                  97,            0.026538,            0.010664,           0.0010643,             0.50768,             0.79727,             0.48396,             0.30858,            0.020286,            0.013151,          0.00099703,            0.006832,            0.006832,            0.006832
                  98,            0.026522,             0.01035,           0.0010547,             0.47467,             0.79905,              0.4717,             0.30573,            0.020687,            0.013333,           0.0010091,            0.006799,            0.006799,            0.006799
                  99,            0.026371,            0.010402,           0.0011014,             0.49986,             0.73674,             0.47359,             0.31095,            0.019718,            0.013254,           0.0010203,            0.006766,            0.006766,            0.006766
                 100,             0.02539,            0.010625,            0.001078,             0.50421,             0.76298,             0.47522,             0.30741,            0.019657,            0.013239,          0.00095192,            0.006733,            0.006733,            0.006733
                 101,            0.025062,            0.010452,           0.0010926,             0.48014,             0.81774,             0.47477,             0.30669,            0.020042,            0.013227,          0.00097834,              0.0067,              0.0067,              0.0067
                 102,            0.025405,            0.010849,           0.0010669,             0.49555,             0.81258,             0.48057,             0.31067,            0.019164,            0.013094,          0.00097792,            0.006667,            0.006667,            0.006667
                 103,            0.025591,            0.010506,           0.0010606,             0.49767,             0.77943,             0.47446,             0.30521,            0.019531,            0.013341,           0.0010945,            0.006634,            0.006634,            0.006634
                 104,            0.026022,            0.010891,          0.00096723,             0.49006,             0.82692,             0.47716,             0.31075,            0.019369,            0.013257,           0.0010057,            0.006601,            0.006601,            0.006601
                 105,            0.026451,            0.010764,           0.0011163,             0.49899,             0.80242,             0.47401,             0.30123,            0.019989,            0.013149,          0.00098838,            0.006568,            0.006568,            0.006568
                 106,            0.025524,            0.010363,            0.001004,             0.50195,             0.79214,             0.47594,             0.30439,            0.019437,            0.013416,           0.0010306,            0.006535,            0.006535,            0.006535
                 107,            0.024706,            0.010588,           0.0010043,             0.50825,             0.80478,             0.47956,             0.31373,            0.019512,            0.013345,           0.0010287,            0.006502,            0.006502,            0.006502
                 108,            0.026232,             0.01069,            0.001025,              0.5008,             0.80191,             0.46989,             0.30739,            0.019627,            0.013719,           0.0010434,            0.006469,            0.006469,            0.006469
                 109,            0.024704,            0.010526,           0.0010137,             0.49273,              0.8111,             0.47811,             0.31386,            0.019205,            0.013261,          0.00096246,            0.006436,            0.006436,            0.006436
                 110,            0.025494,            0.010861,            0.001124,             0.50199,             0.77384,             0.48029,             0.32187,            0.019014,             0.01318,          0.00099076,            0.006403,            0.006403,            0.006403
                 111,               0.026,             0.01063,           0.0011076,             0.48455,             0.83487,             0.47577,             0.31464,            0.018939,            0.013366,           0.0010213,             0.00637,             0.00637,             0.00637
                 112,            0.024788,            0.010102,           0.0010809,             0.49997,             0.79213,             0.47929,             0.31267,            0.019517,            0.013377,           0.0010421,            0.006337,            0.006337,            0.006337
                 113,            0.024621,            0.010298,           0.0010399,             0.47965,              0.8158,             0.47191,              0.3113,            0.018955,            0.013452,          0.00099023,            0.006304,            0.006304,            0.006304
                 114,             0.02454,            0.010594,           0.0010403,             0.48197,             0.79078,             0.46882,             0.31412,            0.018872,            0.013746,          0.00099657,            0.006271,            0.006271,            0.006271
                 115,             0.02507,             0.01027,          0.00097862,             0.48971,             0.83649,             0.47457,             0.31895,            0.018577,            0.013121,          0.00097048,            0.006238,            0.006238,            0.006238
                 116,            0.023881,            0.010617,          0.00096722,             0.48515,             0.84567,             0.47581,             0.31731,            0.018329,            0.013308,          0.00093777,            0.006205,            0.006205,            0.006205
                 117,            0.025027,             0.01023,          0.00097296,             0.47574,             0.83988,             0.47473,             0.31757,            0.019341,            0.013276,          0.00092547,            0.006172,            0.006172,            0.006172
                 118,            0.024188,            0.010288,          0.00098225,             0.48292,             0.81137,               0.473,             0.31934,            0.018351,            0.013558,          0.00098212,            0.006139,            0.006139,            0.006139
                 119,            0.024888,            0.010619,           0.0011732,             0.48019,             0.78399,              0.4614,             0.31278,            0.018125,            0.013745,           0.0010019,            0.006106,            0.006106,            0.006106
                 120,            0.023509,            0.010355,          0.00098191,             0.49488,             0.81545,             0.48098,             0.32494,            0.018142,            0.013456,          0.00098956,            0.006073,            0.006073,            0.006073
                 121,            0.023652,           0.0099462,          0.00092322,             0.47889,             0.84004,             0.48402,             0.32701,            0.018027,            0.013472,          0.00088806,             0.00604,             0.00604,             0.00604
                 122,            0.024265,            0.010579,           0.0010827,              0.4872,              0.7855,             0.47471,             0.31672,            0.018326,            0.013701,          0.00095452,            0.006007,            0.006007,            0.006007
                 123,             0.02306,            0.010191,          0.00096666,             0.48952,             0.79798,             0.46789,             0.30806,            0.017662,            0.013669,           0.0009956,            0.005974,            0.005974,            0.005974
                 124,            0.023719,            0.010019,           0.0010084,             0.48043,             0.80837,             0.47379,              0.3141,            0.018181,            0.013685,          0.00095088,            0.005941,            0.005941,            0.005941
                 125,            0.024309,            0.010191,           0.0010298,             0.48796,             0.83811,             0.47908,             0.32453,            0.018626,            0.013401,          0.00090827,            0.005908,            0.005908,            0.005908
                 126,             0.02369,            0.010335,          0.00095762,             0.48539,              0.8113,             0.47682,             0.31663,            0.018682,            0.013571,          0.00091694,            0.005875,            0.005875,            0.005875
                 127,            0.023863,           0.0099454,          0.00092525,              0.4744,             0.86465,             0.47714,             0.31757,            0.018334,            0.013486,          0.00090156,            0.005842,            0.005842,            0.005842
                 128,            0.023312,            0.010317,          0.00095798,             0.48126,             0.83622,             0.48075,             0.32778,            0.018029,            0.013312,          0.00091407,            0.005809,            0.005809,            0.005809
                 129,            0.023348,            0.010353,          0.00091573,             0.48957,             0.80734,             0.47333,             0.32002,            0.017692,            0.013296,          0.00089001,            0.005776,            0.005776,            0.005776
                 130,            0.023008,            0.010314,          0.00095481,              0.4867,             0.79818,             0.47152,             0.31833,            0.017646,            0.013493,           0.0008743,            0.005743,            0.005743,            0.005743
                 131,            0.023585,            0.010309,          0.00093201,             0.48827,             0.82986,             0.47262,             0.31489,            0.018118,            0.013738,          0.00089316,             0.00571,             0.00571,             0.00571
                 132,            0.023676,            0.010291,          0.00087285,             0.48733,             0.82141,             0.47453,             0.32194,            0.017641,            0.013634,          0.00087682,            0.005677,            0.005677,            0.005677
                 133,            0.023019,           0.0099585,          0.00088671,             0.49272,             0.80027,             0.47541,             0.32283,            0.018179,             0.01356,          0.00088313,            0.005644,            0.005644,            0.005644
                 134,            0.023176,            0.010187,          0.00094167,             0.49498,             0.80795,             0.47099,             0.31604,            0.017865,            0.013461,          0.00091075,            0.005611,            0.005611,            0.005611
                 135,             0.02349,            0.010047,           0.0010092,             0.49622,             0.84631,              0.4811,             0.32179,            0.017792,            0.013429,          0.00089552,            0.005578,            0.005578,            0.005578
                 136,            0.023201,            0.010426,          0.00098037,             0.47937,             0.85914,             0.47621,             0.32078,            0.017771,            0.013553,          0.00088894,            0.005545,            0.005545,            0.005545
                 137,            0.023121,            0.010226,          0.00089556,             0.48411,             0.80713,             0.47162,              0.3232,            0.017659,            0.013849,          0.00094115,            0.005512,            0.005512,            0.005512
                 138,            0.023134,            0.010297,          0.00093566,             0.48238,             0.81065,             0.46749,             0.32239,            0.017323,             0.01338,          0.00085031,            0.005479,            0.005479,            0.005479
                 139,            0.023857,             0.01085,          0.00094169,             0.48671,             0.79731,             0.46441,             0.31548,            0.017563,            0.013498,          0.00089574,            0.005446,            0.005446,            0.005446
                 140,            0.022605,            0.010112,          0.00085293,             0.47743,             0.79941,              0.4633,             0.31873,            0.017599,            0.013975,          0.00084355,            0.005413,            0.005413,            0.005413
                 141,            0.022155,           0.0099908,          0.00089957,             0.47963,             0.84241,             0.47549,              0.3217,             0.01763,            0.013511,          0.00085205,             0.00538,             0.00538,             0.00538
                 142,            0.022092,            0.010034,          0.00093164,             0.48104,             0.84504,             0.47569,             0.31775,            0.017381,            0.013687,          0.00087725,            0.005347,            0.005347,            0.005347
                 143,            0.023266,            0.010274,          0.00094924,             0.48353,             0.82608,             0.47755,             0.32489,            0.017188,            0.013724,          0.00087271,            0.005314,            0.005314,            0.005314
                 144,            0.023792,           0.0098133,          0.00096099,             0.47747,              0.8363,             0.47521,             0.31982,            0.017577,            0.013606,          0.00089173,            0.005281,            0.005281,            0.005281
                 145,             0.02261,            0.010237,          0.00088512,             0.48766,             0.84424,             0.47613,             0.31921,            0.017222,            0.013482,          0.00083762,            0.005248,            0.005248,            0.005248
                 146,            0.022559,            0.010103,           0.0008343,               0.473,             0.86524,             0.47266,             0.31879,             0.01699,            0.013683,          0.00085257,            0.005215,            0.005215,            0.005215
                 147,            0.022216,            0.010033,          0.00098637,             0.50043,             0.78577,             0.47837,             0.32547,             0.01693,            0.013388,          0.00084891,            0.005182,            0.005182,            0.005182
                 148,            0.021455,            0.010024,           0.0008839,             0.47857,              0.8261,             0.47881,             0.32764,            0.016818,            0.013802,          0.00087892,            0.005149,            0.005149,            0.005149
                 149,            0.022079,            0.009943,          0.00088774,             0.47944,             0.80171,             0.47106,             0.32253,            0.016712,            0.013899,          0.00084425,            0.005116,            0.005116,            0.005116
                 150,            0.022412,           0.0098731,          0.00082592,             0.49252,             0.81426,             0.47211,             0.32278,            0.016452,            0.013568,          0.00085765,            0.005083,            0.005083,            0.005083
                 151,            0.022022,           0.0099363,          0.00083032,             0.47676,             0.83435,             0.46791,             0.31676,            0.016612,            0.013695,          0.00085167,             0.00505,             0.00505,             0.00505
                 152,            0.022202,            0.010133,           0.0010344,             0.48337,             0.84647,             0.47548,             0.32423,            0.017139,            0.013801,          0.00085742,            0.005017,            0.005017,            0.005017
                 153,            0.022552,           0.0099946,           0.0011824,             0.48085,             0.83015,             0.47432,             0.32061,            0.016836,            0.013902,          0.00082655,            0.004984,            0.004984,            0.004984
                 154,            0.022595,            0.010051,          0.00093833,             0.48255,             0.78778,             0.46855,             0.31921,            0.017423,            0.014171,          0.00091968,            0.004951,            0.004951,            0.004951
                 155,            0.022884,            0.010342,          0.00092162,             0.48415,             0.80368,             0.46777,             0.31796,            0.016766,            0.013983,          0.00089431,            0.004918,            0.004918,            0.004918
                 156,            0.021525,            0.010212,          0.00078818,             0.48492,             0.78297,              0.4631,             0.31493,            0.016936,            0.014136,          0.00088307,            0.004885,            0.004885,            0.004885
                 157,            0.021492,            0.010224,           0.0008316,             0.48132,              0.8373,             0.47768,             0.32402,             0.01646,            0.013748,          0.00083091,            0.004852,            0.004852,            0.004852
                 158,            0.021682,            0.010161,          0.00083156,             0.47499,              0.8291,             0.46683,             0.31936,            0.016473,             0.01413,          0.00087384,            0.004819,            0.004819,            0.004819
                 159,            0.022534,           0.0098804,          0.00084845,             0.47763,             0.84421,              0.4657,             0.31832,            0.016953,            0.014019,          0.00086291,            0.004786,            0.004786,            0.004786
                 160,            0.021097,            0.010314,          0.00075866,             0.48229,             0.83254,             0.47882,             0.32487,            0.016887,            0.013556,          0.00077955,            0.004753,            0.004753,            0.004753
                 161,            0.021442,            0.009962,          0.00079806,             0.49229,             0.82123,             0.47705,             0.32726,            0.017063,            0.013917,          0.00077322,             0.00472,             0.00472,             0.00472
                 162,            0.021863,            0.010057,          0.00082389,             0.47496,             0.85374,             0.47502,             0.32176,            0.016515,            0.013868,          0.00078328,            0.004687,            0.004687,            0.004687
                 163,            0.020725,           0.0099012,          0.00089429,             0.48531,             0.84878,             0.47408,             0.32172,            0.016598,            0.013664,          0.00079335,            0.004654,            0.004654,            0.004654
                 164,            0.021574,            0.010425,          0.00086874,             0.49165,             0.81878,             0.46652,             0.32217,            0.016484,            0.014031,           0.0008022,            0.004621,            0.004621,            0.004621
                 165,            0.020999,           0.0098025,          0.00086786,              0.4716,             0.84274,             0.46823,             0.31793,            0.016044,            0.014077,           0.0007884,            0.004588,            0.004588,            0.004588
                 166,            0.021541,           0.0099166,          0.00077709,             0.48863,             0.77129,             0.46386,             0.31907,            0.015738,            0.014076,          0.00077221,            0.004555,            0.004555,            0.004555
                 167,            0.021662,             0.00992,          0.00083435,             0.47144,             0.84736,             0.46599,             0.31871,            0.016098,            0.014051,          0.00080086,            0.004522,            0.004522,            0.004522
                 168,            0.021458,           0.0095955,          0.00083134,             0.49212,             0.79307,             0.47009,             0.32336,            0.016753,            0.013922,          0.00078764,            0.004489,            0.004489,            0.004489
                 169,             0.02101,           0.0098537,          0.00074998,              0.4839,             0.83626,             0.47575,             0.32537,            0.016051,             0.01382,          0.00078786,            0.004456,            0.004456,            0.004456
                 170,            0.020889,           0.0098121,           0.0007525,             0.47681,             0.81878,             0.45969,             0.31311,            0.016064,            0.014133,          0.00079465,            0.004423,            0.004423,            0.004423
                 171,            0.020579,           0.0096249,          0.00079322,             0.46913,             0.80192,             0.45341,               0.307,            0.016575,             0.01451,          0.00079329,             0.00439,             0.00439,             0.00439
                 172,            0.020867,           0.0097745,           0.0009011,             0.46315,             0.82878,             0.44856,              0.3068,            0.016142,            0.014565,          0.00081646,            0.004357,            0.004357,            0.004357
                 173,            0.020627,           0.0099234,          0.00081931,             0.47809,             0.82357,             0.46841,               0.324,            0.015895,            0.013752,          0.00078251,            0.004324,            0.004324,            0.004324
                 174,            0.021498,           0.0099672,          0.00092543,             0.47501,             0.83711,             0.46329,             0.32369,            0.016067,            0.014179,          0.00077879,            0.004291,            0.004291,            0.004291
                 175,             0.02008,           0.0094266,          0.00085662,             0.47182,             0.84357,             0.46628,             0.32298,            0.016664,            0.013933,          0.00077163,            0.004258,            0.004258,            0.004258
                 176,            0.021185,           0.0096566,          0.00090924,             0.46078,             0.83631,             0.45574,             0.31343,            0.015925,            0.014752,          0.00079324,            0.004225,            0.004225,            0.004225
                 177,            0.020308,           0.0097647,          0.00081565,             0.47367,             0.84127,             0.46532,             0.31862,            0.016111,            0.014354,          0.00078118,            0.004192,            0.004192,            0.004192
                 178,            0.020161,           0.0096126,           0.0008869,             0.48039,             0.84059,             0.46471,             0.32663,            0.016038,            0.013977,          0.00080554,            0.004159,            0.004159,            0.004159
                 179,            0.020844,           0.0098522,          0.00077355,             0.50349,             0.79132,             0.47664,             0.33003,            0.015907,            0.013765,          0.00078014,            0.004126,            0.004126,            0.004126
                 180,            0.020636,           0.0097277,          0.00078402,             0.48437,             0.81942,              0.4741,             0.32816,            0.016161,            0.013749,          0.00079517,            0.004093,            0.004093,            0.004093
                 181,            0.020868,           0.0097367,          0.00078063,             0.47836,             0.82496,             0.46678,             0.32374,            0.016315,            0.014282,          0.00085964,             0.00406,             0.00406,             0.00406
                 182,            0.020826,           0.0095031,          0.00086214,             0.48601,             0.82049,             0.46733,             0.32442,            0.015913,            0.014142,          0.00082928,            0.004027,            0.004027,            0.004027
                 183,            0.020092,            0.009513,          0.00072966,             0.48516,             0.80045,             0.46099,              0.3216,            0.016031,            0.014367,          0.00087959,            0.003994,            0.003994,            0.003994
                 184,            0.019955,           0.0099105,          0.00074121,             0.47771,             0.82119,             0.46283,             0.32224,            0.015613,            0.014542,          0.00089517,            0.003961,            0.003961,            0.003961
                 185,            0.019234,           0.0092331,          0.00072745,             0.48026,             0.82299,             0.46066,             0.32215,            0.015781,             0.01429,          0.00082738,            0.003928,            0.003928,            0.003928
                 186,            0.019663,           0.0094811,          0.00080352,             0.47634,             0.80244,             0.45593,             0.31863,            0.015371,             0.01471,          0.00087921,            0.003895,            0.003895,            0.003895
                 187,            0.019448,           0.0096847,          0.00075626,             0.48237,             0.81678,               0.459,             0.32472,            0.015623,            0.014417,          0.00079937,            0.003862,            0.003862,            0.003862
                 188,            0.019573,           0.0096793,          0.00075451,             0.47148,              0.8272,             0.46265,             0.32489,            0.015553,            0.014418,          0.00078535,            0.003829,            0.003829,            0.003829
                 189,            0.020255,           0.0094997,           0.0008886,             0.48089,             0.82118,             0.46813,             0.32815,             0.01548,            0.014196,          0.00075325,            0.003796,            0.003796,            0.003796
                 190,            0.019484,           0.0097766,           0.0007778,             0.47404,             0.84117,             0.46402,             0.32362,            0.015476,            0.014414,          0.00077878,            0.003763,            0.003763,            0.003763
                 191,            0.020062,           0.0097693,          0.00080029,             0.47793,             0.83609,             0.45772,             0.32009,            0.015361,            0.014357,          0.00079046,             0.00373,             0.00373,             0.00373
                 192,            0.020186,           0.0095437,          0.00067064,             0.47042,             0.83461,             0.45984,             0.32525,            0.015323,             0.01412,          0.00079614,            0.003697,            0.003697,            0.003697
                 193,            0.019577,           0.0095604,          0.00082285,             0.47019,             0.83029,               0.458,             0.31984,            0.015166,            0.014614,          0.00079463,            0.003664,            0.003664,            0.003664
                 194,            0.019958,           0.0093169,          0.00074571,             0.48727,             0.80955,             0.46227,             0.32691,            0.015448,            0.014397,           0.0007665,            0.003631,            0.003631,            0.003631
                 195,            0.019508,           0.0096308,          0.00074308,             0.48897,             0.80759,             0.46904,             0.32978,            0.014823,            0.014269,          0.00075081,            0.003598,            0.003598,            0.003598
                 196,            0.019438,           0.0096956,           0.0006233,             0.48543,              0.7931,             0.46355,             0.32506,            0.015162,            0.014265,          0.00075688,            0.003565,            0.003565,            0.003565
                 197,            0.019568,           0.0095324,          0.00069862,             0.48544,             0.78319,             0.45874,             0.32557,            0.015212,            0.014678,          0.00078733,            0.003532,            0.003532,            0.003532
                 198,            0.019964,           0.0092142,          0.00072604,             0.45322,             0.81785,             0.44928,             0.31675,            0.015515,            0.015426,          0.00086126,            0.003499,            0.003499,            0.003499
                 199,            0.019797,           0.0096367,          0.00075102,             0.46065,             0.84392,             0.45358,              0.3179,            0.015418,            0.014922,          0.00081286,            0.003466,            0.003466,            0.003466
                 200,            0.019126,           0.0091075,          0.00087525,             0.48037,              0.7944,               0.461,             0.31818,            0.015229,            0.014602,          0.00077531,            0.003433,            0.003433,            0.003433
                 201,            0.018871,           0.0095277,          0.00066392,             0.47181,             0.80857,             0.45413,             0.31924,            0.015506,            0.014944,          0.00081173,              0.0034,              0.0034,              0.0034
                 202,            0.019388,           0.0093651,          0.00062582,             0.47203,             0.84063,             0.46209,             0.32144,            0.015647,            0.014787,          0.00080021,            0.003367,            0.003367,            0.003367
                 203,            0.018776,           0.0094764,          0.00070221,             0.48327,             0.83298,             0.46603,             0.32924,            0.015206,            0.014492,          0.00074843,            0.003334,            0.003334,            0.003334
                 204,            0.018836,             0.01003,          0.00069373,             0.48745,             0.79233,             0.47001,             0.33189,            0.014953,            0.014634,          0.00074147,            0.003301,            0.003301,            0.003301
                 205,            0.019086,           0.0092299,          0.00069781,             0.48475,             0.77566,             0.45836,             0.32575,            0.015301,             0.01522,          0.00083097,            0.003268,            0.003268,            0.003268
                 206,            0.018894,            0.009402,          0.00075304,             0.46737,             0.81067,             0.45763,             0.32218,            0.015008,            0.015113,          0.00092228,            0.003235,            0.003235,            0.003235
                 207,            0.018589,           0.0094044,          0.00070624,             0.47991,             0.79276,              0.4675,             0.32662,             0.01517,            0.014616,          0.00082566,            0.003202,            0.003202,            0.003202
                 208,            0.019334,           0.0095937,          0.00069044,             0.48237,              0.7728,             0.46318,             0.32448,            0.014921,            0.014897,          0.00081422,            0.003169,            0.003169,            0.003169
                 209,            0.018909,           0.0095685,          0.00077708,             0.47687,             0.77983,             0.45551,             0.32539,            0.015022,            0.014971,          0.00086954,            0.003136,            0.003136,            0.003136
                 210,            0.018702,           0.0089081,          0.00067982,             0.46806,             0.80753,              0.4506,              0.3192,            0.015529,            0.015149,          0.00084462,            0.003103,            0.003103,            0.003103
                 211,            0.018836,           0.0092419,          0.00075386,             0.47102,             0.77841,              0.4427,             0.31433,            0.015046,            0.015674,          0.00082091,             0.00307,             0.00307,             0.00307
                 212,            0.018494,           0.0093726,          0.00068295,              0.4579,             0.85587,             0.45646,             0.32189,            0.014837,            0.015246,          0.00076166,            0.003037,            0.003037,            0.003037
                 213,            0.018604,           0.0094864,          0.00067701,             0.45747,             0.78571,             0.43782,             0.30964,            0.014911,            0.016292,          0.00087189,            0.003004,            0.003004,            0.003004
                 214,            0.018869,           0.0098764,          0.00070338,             0.45621,              0.7961,             0.44487,             0.31386,            0.014933,            0.015698,          0.00074149,            0.002971,            0.002971,            0.002971
                 215,            0.018695,           0.0095088,          0.00067357,             0.45551,             0.82031,             0.44716,             0.31644,            0.014785,            0.015666,          0.00071922,            0.002938,            0.002938,            0.002938
                 216,            0.018654,           0.0093637,          0.00067455,             0.45631,             0.81734,             0.44702,             0.31683,             0.01508,            0.015732,          0.00076506,            0.002905,            0.002905,            0.002905
                 217,            0.018277,           0.0093944,          0.00068798,             0.45232,             0.81836,             0.43997,             0.31286,            0.015152,            0.015771,          0.00084745,            0.002872,            0.002872,            0.002872
                 218,            0.019131,           0.0090962,          0.00068863,             0.45483,             0.82754,             0.44513,             0.31534,            0.015208,            0.015658,          0.00096243,            0.002839,            0.002839,            0.002839
                 219,            0.018628,           0.0092668,          0.00067716,             0.46233,             0.81063,             0.44748,             0.32064,            0.014992,            0.015806,           0.0010461,            0.002806,            0.002806,            0.002806
                 220,            0.018489,            0.009575,          0.00065525,             0.47208,             0.81358,             0.45425,             0.32238,            0.014749,            0.015184,          0.00077315,            0.002773,            0.002773,            0.002773
                 221,            0.018132,           0.0095228,          0.00063763,             0.46152,             0.83127,             0.45146,             0.31948,            0.015019,            0.015506,          0.00085306,             0.00274,             0.00274,             0.00274
                 222,            0.018529,           0.0093891,           0.0005697,             0.45949,             0.82125,             0.44519,             0.31516,            0.014892,            0.015795,          0.00098096,            0.002707,            0.002707,            0.002707
                 223,            0.018318,           0.0097201,          0.00068612,             0.46275,              0.8384,             0.45106,             0.32094,            0.014782,            0.015515,            0.000923,            0.002674,            0.002674,            0.002674
                 224,             0.01788,           0.0091628,          0.00070692,             0.46765,             0.82838,             0.45323,             0.31906,            0.014442,            0.015202,          0.00078667,            0.002641,            0.002641,            0.002641
                 225,            0.017898,           0.0092322,          0.00065878,              0.4629,             0.84242,             0.45437,             0.31882,            0.014371,            0.015403,          0.00081145,            0.002608,            0.002608,            0.002608
                 226,            0.018315,           0.0097134,          0.00062663,             0.46208,             0.81836,             0.45119,             0.31915,            0.014553,            0.015452,          0.00085042,            0.002575,            0.002575,            0.002575
                 227,            0.018581,           0.0092632,          0.00071163,             0.47739,             0.77325,             0.45269,             0.32153,            0.014623,            0.015681,           0.0009257,            0.002542,            0.002542,            0.002542
                 228,            0.017193,           0.0087157,          0.00059171,             0.47259,             0.75238,              0.4472,             0.31697,            0.014629,            0.016488,           0.0010768,            0.002509,            0.002509,            0.002509
                 229,            0.017132,            0.009023,          0.00062387,             0.45016,              0.8365,             0.45118,             0.32266,            0.014489,             0.01581,          0.00092304,            0.002476,            0.002476,            0.002476
                 230,            0.017616,           0.0092961,           0.0005918,             0.46263,              0.8034,             0.44961,             0.32217,            0.014327,            0.015637,          0.00082115,            0.002443,            0.002443,            0.002443
                 231,             0.01781,           0.0094774,          0.00063617,             0.46882,             0.82825,             0.45481,             0.32688,            0.014156,            0.015287,          0.00091915,             0.00241,             0.00241,             0.00241
                 232,            0.017602,           0.0091975,          0.00068015,             0.47991,             0.73966,             0.44578,             0.31982,            0.014383,            0.015896,           0.0010888,            0.002377,            0.002377,            0.002377
                 233,            0.017936,           0.0092629,          0.00063544,              0.4444,             0.84984,             0.44756,             0.32181,            0.014794,            0.016138,           0.0010012,            0.002344,            0.002344,            0.002344
                 234,            0.017646,           0.0090404,            0.000693,             0.45574,             0.82026,             0.44513,             0.31822,            0.014465,            0.015887,          0.00089564,            0.002311,            0.002311,            0.002311
                 235,            0.016994,           0.0093939,          0.00070816,             0.45241,             0.81173,             0.44515,             0.31631,             0.01455,            0.016057,           0.0010228,            0.002278,            0.002278,            0.002278
                 236,            0.017113,           0.0093999,          0.00061772,             0.47382,             0.73398,             0.44253,             0.32055,            0.014579,            0.016535,           0.0010618,            0.002245,            0.002245,            0.002245
                 237,            0.017264,            0.009024,          0.00060906,               0.451,             0.78716,             0.43949,             0.31699,            0.014731,             0.01708,           0.0011873,            0.002212,            0.002212,            0.002212
                 238,            0.017318,           0.0091158,          0.00064004,             0.45229,             0.79155,             0.43693,             0.31416,            0.014609,            0.017134,           0.0010991,            0.002179,            0.002179,            0.002179
                 239,            0.017239,            0.009316,          0.00054835,             0.45179,             0.82712,             0.44872,              0.3221,            0.014228,            0.015896,          0.00089196,            0.002146,            0.002146,            0.002146
                 240,            0.016998,           0.0091352,          0.00055485,             0.45572,             0.81149,             0.44703,             0.32189,            0.014307,             0.01605,           0.0008827,            0.002113,            0.002113,            0.002113
                 241,            0.017127,            0.009346,          0.00066359,             0.46291,             0.78256,             0.43987,             0.31871,            0.014089,            0.016282,          0.00078987,             0.00208,             0.00208,             0.00208
                 242,            0.017058,           0.0093406,          0.00058322,             0.45112,             0.78883,             0.43956,             0.31376,            0.014003,            0.016495,          0.00072048,            0.002047,            0.002047,            0.002047
                 243,             0.01706,           0.0090458,          0.00057346,             0.44469,             0.80152,             0.44075,             0.31515,            0.014203,            0.016582,          0.00081122,            0.002014,            0.002014,            0.002014
                 244,            0.016653,           0.0090766,           0.0005918,             0.44524,             0.77864,             0.43365,             0.30781,             0.01428,            0.017401,          0.00093725,            0.001981,            0.001981,            0.001981
                 245,            0.016406,           0.0090099,           0.0005107,             0.44569,             0.79041,              0.4316,             0.31032,            0.014313,            0.016965,          0.00094824,            0.001948,            0.001948,            0.001948
                 246,            0.016608,           0.0090974,          0.00059527,             0.46366,             0.75672,             0.43953,             0.31484,             0.01431,            0.016442,          0.00090477,            0.001915,            0.001915,            0.001915
                 247,            0.017154,           0.0089991,          0.00055543,             0.45715,             0.78703,             0.43778,              0.3158,            0.014492,            0.016527,          0.00095974,            0.001882,            0.001882,            0.001882
                 248,            0.016963,           0.0090161,          0.00065138,             0.46304,             0.78505,             0.44118,             0.31616,            0.013994,            0.015932,          0.00071461,            0.001849,            0.001849,            0.001849
                 249,            0.016731,           0.0091427,          0.00055322,             0.45875,             0.81734,             0.44554,             0.32092,            0.014263,            0.016234,          0.00080543,            0.001816,            0.001816,            0.001816
                 250,             0.01659,           0.0091068,          0.00063601,             0.46007,             0.80671,             0.44631,             0.32068,            0.014149,            0.016344,          0.00089849,            0.001783,            0.001783,            0.001783
                 251,            0.016322,           0.0089643,          0.00057167,             0.46317,             0.76756,              0.4388,             0.31762,            0.014239,            0.016654,          0.00092055,             0.00175,             0.00175,             0.00175
                 252,            0.016419,           0.0088292,          0.00057119,             0.45032,             0.80485,              0.4382,             0.31878,            0.014138,            0.016877,          0.00089212,            0.001717,            0.001717,            0.001717
                 253,            0.016816,           0.0090231,          0.00059138,             0.43741,             0.75676,             0.41455,             0.30009,            0.014657,            0.018357,           0.0012865,            0.001684,            0.001684,            0.001684
                 254,            0.016236,           0.0092285,          0.00051084,             0.44272,             0.76903,             0.42497,             0.30836,            0.014204,            0.017284,          0.00096878,            0.001651,            0.001651,            0.001651
                 255,            0.016211,           0.0090626,           0.0005431,             0.44796,              0.8221,             0.44424,             0.31673,            0.013793,            0.016338,          0.00075492,            0.001618,            0.001618,            0.001618
                 256,            0.016001,            0.008902,          0.00058936,             0.44498,             0.81566,             0.43658,             0.31381,            0.013814,              0.0164,          0.00075604,            0.001585,            0.001585,            0.001585
                 257,            0.016459,           0.0090762,          0.00057058,             0.45619,             0.80421,             0.43926,             0.31554,            0.013902,            0.016436,          0.00077926,            0.001552,            0.001552,            0.001552
                 258,            0.016862,           0.0088139,          0.00054105,             0.44849,             0.79193,             0.43429,              0.3119,            0.013842,            0.016879,          0.00082947,            0.001519,            0.001519,            0.001519
                 259,            0.015979,            0.009153,          0.00055665,              0.4603,             0.81461,              0.4469,             0.32434,            0.013463,            0.015943,          0.00068607,            0.001486,            0.001486,            0.001486
                 260,            0.016056,            0.009108,          0.00066339,              0.4615,             0.84769,             0.45976,             0.33485,            0.013474,            0.015534,          0.00067733,            0.001453,            0.001453,            0.001453
                 261,            0.015896,           0.0093097,          0.00058685,              0.4688,             0.82104,             0.45562,             0.33108,            0.013561,            0.015736,          0.00069608,             0.00142,             0.00142,             0.00142
                 262,            0.015851,           0.0090815,          0.00053295,             0.46446,             0.81609,             0.44895,             0.32315,            0.013699,            0.016198,          0.00073056,            0.001387,            0.001387,            0.001387
                 263,            0.016586,           0.0091513,          0.00060702,             0.45775,             0.80687,             0.44187,             0.32019,            0.013803,            0.016488,          0.00075881,            0.001354,            0.001354,            0.001354
                 264,            0.016245,           0.0091486,          0.00061218,             0.45771,             0.80833,             0.43852,             0.31838,            0.013581,            0.016494,           0.0007294,            0.001321,            0.001321,            0.001321
                 265,             0.01577,           0.0093609,          0.00051719,             0.46229,             0.79006,             0.44192,             0.31943,            0.013676,            0.016459,          0.00074268,            0.001288,            0.001288,            0.001288
                 266,            0.015771,           0.0090172,          0.00057297,              0.4573,             0.82084,             0.44344,             0.32246,            0.013707,            0.016429,          0.00069788,            0.001255,            0.001255,            0.001255
                 267,            0.016115,           0.0085547,          0.00052688,             0.45602,             0.81547,              0.4424,             0.31976,            0.013707,            0.016464,          0.00069999,            0.001222,            0.001222,            0.001222
                 268,            0.015978,           0.0090504,          0.00050914,             0.45804,             0.80236,             0.44616,             0.32094,            0.013635,            0.016631,          0.00074039,            0.001189,            0.001189,            0.001189
                 269,            0.015987,           0.0089667,          0.00052956,             0.45474,             0.79382,             0.44254,             0.32243,            0.013628,            0.016834,          0.00078605,            0.001156,            0.001156,            0.001156
                 270,            0.015373,           0.0091667,          0.00050257,              0.4453,             0.79817,             0.43616,             0.31798,            0.013752,            0.017377,          0.00085388,            0.001123,            0.001123,            0.001123
                 271,            0.015831,            0.009102,          0.00050913,             0.45525,              0.7705,             0.43698,              0.3168,            0.013752,            0.017325,          0.00086485,             0.00109,             0.00109,             0.00109
                 272,            0.015622,           0.0089565,          0.00054608,             0.45375,              0.7798,             0.44019,             0.31902,            0.013659,            0.017129,          0.00091354,            0.001057,            0.001057,            0.001057
                 273,              0.0156,             0.00924,          0.00050869,             0.44743,             0.81107,             0.43836,             0.31845,            0.013756,             0.01712,          0.00092262,            0.001024,            0.001024,            0.001024
                 274,            0.015368,           0.0088908,          0.00048025,             0.44168,             0.81126,             0.43334,             0.31306,            0.013917,            0.017692,           0.0010145,            0.000991,            0.000991,            0.000991
                 275,            0.015414,           0.0083916,          0.00042007,             0.44809,             0.77553,             0.42705,             0.30927,            0.014159,            0.018433,           0.0011972,            0.000958,            0.000958,            0.000958
                 276,            0.015567,            0.008484,          0.00057435,             0.44788,             0.77888,             0.42593,             0.30848,            0.014039,              0.0185,           0.0012905,            0.000925,            0.000925,            0.000925
                 277,            0.015393,           0.0089182,          0.00060013,             0.45837,             0.76668,             0.43356,             0.31724,            0.013647,            0.017583,           0.0011557,            0.000892,            0.000892,            0.000892
                 278,            0.015809,           0.0090038,          0.00047011,              0.4497,             0.79964,             0.43002,             0.31392,            0.013783,            0.017575,           0.0011326,            0.000859,            0.000859,            0.000859
                 279,            0.015294,           0.0089397,          0.00050826,             0.44921,             0.77441,             0.42875,             0.31135,            0.013965,            0.018183,           0.0011847,            0.000826,            0.000826,            0.000826
                 280,            0.014585,           0.0085707,          0.00047202,             0.44838,             0.78612,             0.43161,             0.31227,            0.013903,            0.018001,           0.0010534,            0.000793,            0.000793,            0.000793
                 281,            0.015067,           0.0089007,          0.00041257,             0.44096,             0.81296,              0.4311,             0.31238,            0.013813,            0.017837,           0.0010724,             0.00076,             0.00076,             0.00076
                 282,            0.015995,           0.0089342,          0.00061547,             0.45416,             0.79529,             0.43229,             0.31726,            0.013813,            0.017649,           0.0011274,            0.000727,            0.000727,            0.000727
                 283,            0.015098,           0.0084872,          0.00046281,             0.45154,             0.79383,              0.4292,             0.31263,            0.014001,            0.018105,            0.001448,            0.000694,            0.000694,            0.000694
                 284,            0.014533,           0.0088944,          0.00048174,             0.45295,             0.78394,             0.43675,              0.3199,            0.013825,            0.017676,           0.0014128,            0.000661,            0.000661,            0.000661
                 285,            0.015475,            0.008908,          0.00051731,             0.44454,             0.79819,             0.43021,             0.31252,            0.013959,            0.018118,           0.0016013,            0.000628,            0.000628,            0.000628
                 286,             0.01525,            0.008836,          0.00057793,             0.44402,             0.80341,             0.42784,             0.31241,            0.014083,            0.018395,           0.0016371,            0.000595,            0.000595,            0.000595
                 287,            0.014911,           0.0090218,          0.00056292,             0.44906,             0.82318,              0.4344,             0.31948,            0.013784,            0.017718,           0.0013662,            0.000562,            0.000562,            0.000562
                 288,             0.01516,           0.0091307,          0.00053724,             0.45084,             0.83488,             0.43981,             0.32149,            0.013799,            0.017589,           0.0012982,            0.000529,            0.000529,            0.000529
                 289,            0.015491,           0.0086169,          0.00053183,             0.44735,             0.83867,             0.43667,             0.32046,            0.013861,            0.017652,           0.0012825,            0.000496,            0.000496,            0.000496
                 290,            0.014306,           0.0084526,          0.00048301,              0.4417,             0.84651,             0.43465,             0.31945,            0.013843,            0.017969,           0.0013416,            0.000463,            0.000463,            0.000463
                 291,            0.015412,           0.0086949,          0.00055246,             0.44501,             0.85341,             0.43648,             0.32137,            0.013718,            0.017539,           0.0012786,             0.00043,             0.00043,             0.00043
                 292,             0.01531,           0.0089085,          0.00048965,             0.44696,             0.82775,             0.43421,             0.31875,            0.013612,            0.017606,           0.0012687,            0.000397,            0.000397,            0.000397
                 293,            0.014637,           0.0086932,          0.00047847,             0.44369,              0.8154,             0.43201,             0.31693,             0.01369,            0.017832,           0.0013187,            0.000364,            0.000364,            0.000364
                 294,            0.015183,           0.0087958,          0.00050801,             0.43606,             0.82443,             0.43029,             0.31524,            0.013726,            0.018023,           0.0013286,            0.000331,            0.000331,            0.000331
                 295,            0.014559,           0.0085311,          0.00055082,             0.43489,             0.81457,             0.42477,             0.31233,            0.013751,            0.018355,           0.0014909,            0.000298,            0.000298,            0.000298
                 296,            0.014834,           0.0088659,          0.00062827,             0.43636,             0.81818,             0.42741,             0.31356,            0.013679,            0.018119,           0.0014699,            0.000265,            0.000265,            0.000265
                 297,            0.014578,           0.0086783,          0.00047798,             0.43579,             0.82401,             0.42871,             0.31656,             0.01366,            0.018035,           0.0014643,            0.000232,            0.000232,            0.000232
                 298,            0.014514,           0.0088056,          0.00054568,             0.43758,               0.834,             0.42984,             0.31743,            0.013659,            0.018052,           0.0014917,            0.000199,            0.000199,            0.000199
                 299,            0.014669,           0.0086334,          0.00057337,             0.43818,             0.82609,              0.4295,             0.31754,            0.013671,            0.018208,           0.0014532,            0.000166,            0.000166,            0.000166
